{
  "gold": 16366.820000000002,
  "silver": 286.81,
  "set_at": "2026-02-23T04:51:03.299531"
}