{
  "gold": 16366.820000000002,
  "silver": 277.76,
  "set_at": "2026-02-05T04:59:37.575923"
}