{
  "gold": 16366.820000000002,
  "silver": 295.18,
  "set_at": "2026-02-03T16:32:42.924403"
}