{
  "gold": 15521.630000000001,
  "silver": 295.18,
  "set_at": "2026-02-03T13:43:28.770687"
}