{
  "gold": 15521.630000000001,
  "silver": 278.86,
  "set_at": "2026-02-02T10:11:58.402816"
}