{
  "gold": 16366.820000000002,
  "silver": 262.46,
  "set_at": "2026-02-18T15:08:45.777235"
}