{
  "gold": 16366.820000000002,
  "silver": 249.89000000000001,
  "set_at": "2026-02-17T14:14:24.536121"
}