{
  "gold": 15521.630000000001,
  "silver": 264.25,
  "set_at": "2026-02-02T13:56:24.286573"
}