{
  "gold": 16366.820000000002,
  "silver": 314.14,
  "set_at": "2026-02-04T14:10:46.849842"
}